"_created_at",_id,_updated_at,count,monthYear
2016-09-14T13:31:10.371Z,AFxMV7WHuI,2016-09-14T13:31:10.793Z,2,septiembre 2016
2016-10-03T14:33:47.688Z,AVsaZexUSo,2016-10-18T15:00:46.467Z,2,octubre 2016
2016-08-05T16:02:06.260Z,HL7imL8aXO,2016-08-23T19:03:33.359Z,2,agosto 2016
2016-01-02T18:04:16.147Z,IWcGB7gWS4,2016-01-04T18:07:17.702Z,2,enero 2016
2016-11-01T14:27:21.261Z,PPI0uEw32e,2016-11-01T14:27:21.261Z,1,noviembre 2016
2016-02-05T22:01:50.125Z,SvF5z6Br70,2016-02-05T22:01:50.125Z,1,febrero 2016
2016-04-14T02:38:30.752Z,gUCXJkXVBu,2016-04-14T18:15:22.837Z,3,abril 2016
2016-03-17T05:20:53.688Z,rHkdWqcdVd,2016-03-17T05:37:49.382Z,5,marzo 2016
2016-01-02T15:31:27.008Z,zYfahI68e5,2016-01-02T15:31:31.211Z,2,diciembre 2015
2017-09-01T15:39:32.719Z,8UoddOH45g,2017-09-06T16:15:51.225Z,10,septiembre 2017
2017-10-03T17:30:12.413Z,IqebYAZTYT,2017-10-07T02:26:55.604Z,4,octubre 2017
