"_created_at",_id,_updated_at,nombre
2015-06-06T17:20:49.252Z,16Qncglv6q,2015-06-06T17:20:49.252Z,Excursión
2015-06-07T03:03:39.519Z,4e5Ojw4gRT,2015-06-07T03:03:39.519Z,Recordatorio
2015-07-19T18:40:31.231Z,8RDIvLSSbA,2015-07-19T18:40:31.231Z,Mensaje
2015-06-06T17:21:13.099Z,EYcnUHRbPH,2015-06-06T17:21:13.099Z,Aviso de Pago
2015-06-06T17:21:02.005Z,Kiot3adF10,2015-06-06T17:21:02.005Z,Cita
2015-06-06T17:20:39.637Z,UvcbCWcRGE,2015-06-06T17:20:39.637Z,Anuncio
2015-06-06T17:20:56.454Z,X84nYuH45F,2015-06-06T17:20:56.454Z,Reporte
2015-06-06T17:20:28.356Z,cVxa8V84VG,2015-06-06T17:20:28.356Z,Tarea
2015-06-30T19:24:09.298Z,knJCpPHggt,2015-06-30T19:24:09.298Z,Enfermería
2015-07-19T18:43:08.583Z,yut6Iiei6Q,2015-07-19T18:43:08.583Z,Dieta
2017-02-27T22:25:57.736Z,QDs6FrLxGy,2017-02-27T22:25:57.736Z,
2017-03-09T16:17:16.250Z,rGYC0ZXNMX,2017-03-09T16:17:16.250Z,
2017-03-09T16:17:21.854Z,KLZCwJuMV7,2017-03-09T16:17:21.854Z,
2017-04-05T18:38:20.536Z,hi25lHBrHb,2017-04-05T18:38:20.536Z,
2017-04-05T18:38:21.620Z,p8MiJFoqi4,2017-04-05T18:38:21.620Z,
2017-04-05T18:38:24.409Z,kOIPwBWuKT,2017-04-05T18:38:24.409Z,
2017-04-05T18:38:25.052Z,GGF6ncnYtq,2017-04-05T18:38:25.052Z,
2017-04-05T18:38:25.432Z,Do4HVT1KCU,2017-04-05T18:38:25.432Z,
2017-05-04T02:29:04.701Z,io0oiUWXrA,2017-05-04T02:29:04.701Z,
2017-05-04T02:29:05.367Z,jBjIv0WPBo,2017-05-04T02:29:05.367Z,
2017-05-04T02:29:07.089Z,4IfZRz6ltY,2017-05-04T02:29:07.089Z,
2017-05-04T14:14:38.660Z,eLlAeIw2aA,2017-05-04T14:14:38.660Z,
2017-05-04T14:14:41.139Z,8oAeRSxx44,2017-05-04T14:14:41.139Z,
2017-05-09T14:12:17.392Z,FaeM55GqAB,2017-05-09T14:12:17.392Z,
2017-06-09T18:40:40.953Z,B4r2kBJely,2017-06-09T18:40:40.953Z,
2017-06-14T01:07:47.446Z,BjmBEyhiHL,2017-06-14T01:07:47.446Z,
2017-06-14T01:07:52.916Z,PkFA8pC1No,2017-06-14T01:07:52.916Z,
2017-06-14T01:07:53.476Z,LlL45WjYtC,2017-06-14T01:07:53.476Z,
2017-06-14T01:07:53.696Z,laoJwF0pji,2017-06-14T01:07:53.696Z,
2017-06-19T17:34:22.917Z,yAAU7a5eGY,2017-06-19T17:34:22.917Z,
2017-06-19T17:34:23.952Z,UQGzugoDtZ,2017-06-19T17:34:23.952Z,
2017-06-28T13:26:01.175Z,D3kxnOIkyv,2017-06-28T13:26:01.175Z,
2017-06-28T13:26:05.160Z,GBB2LT79zb,2017-06-28T13:26:05.160Z,
2017-08-10T15:03:40.125Z,ceJjulYYsf,2017-08-10T15:03:40.125Z,
